,e1_framework,e2_rights,e3_governance,e4_operationalisation,e5_inclusion
e1_framework,1.0,0.8104791282124074,0.819756493786343,0.5764342478077982,0.6436615538013039
e2_rights,0.8104791282124074,1.0,0.7959583336441416,0.5908453524212739,0.5533592842900267
e3_governance,0.819756493786343,0.7959583336441416,1.0,0.6553613811136539,0.6136539389675079
e4_operationalisation,0.5764342478077982,0.5908453524212739,0.6553613811136539,1.0,0.5506884204309492
e5_inclusion,0.6436615538013039,0.5533592842900267,0.6136539389675079,0.5506884204309492,1.0
