,e1_framework,e1_framework,e1_framework,e1_framework,e2_rights,e2_rights,e2_rights,e2_rights,e3_governance,e3_governance,e3_governance,e3_governance,e4_operationalisation,e4_operationalisation,e4_operationalisation,e4_operationalisation,e5_inclusion,e5_inclusion,e5_inclusion,e5_inclusion,ethics_score,ethics_score,ethics_score,ethics_score
,mean,median,std,count,mean,median,std,count,mean,median,std,count,mean,median,std,count,mean,median,std,count,mean,median,std,count
income_group,,,,,,,,,,,,,,,,,,,,,,,,
High income,0.6770588235294117,1.0,0.7593658075879852,1700,0.5458823529411765,0.0,0.7145264678520235,1700,0.6282352941176471,0.0,0.7386754231345443,1700,0.6070588235294118,0.0,0.7292409778915099,1700,0.6388235294117647,0.0,0.7509999796460618,1700,0.6194117647058823,0.6,0.6230983603457105,1700
Low income,0.7777777777777778,1.0,0.8333333333333333,9,0.5555555555555556,0.0,0.7264831572567789,9,0.5555555555555556,0.0,0.7264831572567789,9,0.4444444444444444,0.0,0.7264831572567789,9,0.5555555555555556,0.0,1.0137937550497031,9,0.5777777777777778,0.6,0.7102425250887505,9
Lower middle income,0.7777777777777778,1.0,0.8379870059984357,126,0.5555555555555556,0.0,0.699205898780101,126,0.5952380952380952,1.0,0.6471917357763023,126,0.5952380952380952,0.0,0.6948792289723033,126,0.6587301587301587,1.0,0.7284251331490249,126,0.6365079365079366,0.6,0.6172977465830471,126
Unknown,0.8636363636363636,1.0,0.7743171827921034,22,0.6363636363636364,0.0,0.7895420339517227,22,0.8181818181818182,1.0,0.7326639999321223,22,0.36363636363636365,0.0,0.4923659639173309,22,0.45454545454545453,0.0,0.8004327833694973,22,0.6272727272727273,0.6,0.6119304490372043,22
Upper middle income,0.48091603053435117,0.0,0.687615069165569,262,0.42748091603053434,0.0,0.6784084863465742,262,0.44656488549618323,0.0,0.6857943024520234,262,0.3549618320610687,0.0,0.6127275544717168,262,0.4351145038167939,0.0,0.7229064012716729,262,0.42900763358778626,0.0,0.5922214235409692,262
