{
  "model1_gdp": {
    "slope": 0.1072,
    "intercept": -0.5492,
    "r_squared": 0.0099,
    "p": 1.1e-05,
    "n": 1949
  },
  "model2_ols": {
    "r_squared": 0.3731,
    "adj_r_squared": 0.3718,
    "n": 1949,
    "coefficients": {
      "(Intercept)": {
        "beta": -0.37394,
        "se": 0.21025,
        "t": -1.7786,
        "p": 0.075467
      },
      "log_gdp_pc": {
        "beta": 0.06124,
        "se": 0.01943,
        "t": 3.1525,
        "p": 0.001643
      },
      "year_centered": {
        "beta": -0.00947,
        "se": 0.00504,
        "t": -1.8773,
        "p": 0.060626
      },
      "is_binding": {
        "beta": 0.19223,
        "se": 0.05948,
        "t": 3.2318,
        "p": 0.001251
      },
      "is_good_text": {
        "beta": 0.75112,
        "se": 0.02288,
        "t": 32.8276,
        "p": 0.0
      }
    }
  }
}