{
  "text_quality_sensitivity": {
    "All texts": {
      "n": 2097,
      "n_hi": 1700,
      "n_dev": 397,
      "hi_mean": 0.6194,
      "dev_mean": 0.4982,
      "t": 3.5533,
      "p": 0.00041,
      "d": 0.1967
    },
    "Good only": {
      "n": 885,
      "n_hi": 754,
      "n_dev": 131,
      "hi_mean": 1.0207,
      "dev_mean": 1.0779,
      "t": -0.9762,
      "p": 0.330242,
      "d": -0.0915
    },
    "Good + thin": {
      "n": 1666,
      "n_hi": 1378,
      "n_dev": 288,
      "hi_mean": 0.7483,
      "dev_mean": 0.6785,
      "t": 1.7298,
      "p": 0.084417,
      "d": 0.1124
    },
    "Excl. stubs": {
      "n": 1666,
      "n_hi": 1378,
      "n_dev": 288,
      "hi_mean": 0.7483,
      "dev_mean": 0.6785,
      "t": 1.7298,
      "p": 0.084417,
      "d": 0.1124
    }
  },
  "dimension_sensitivity_good_text": {
    "e1_framework": {
      "hi": 1.081,
      "dev": 1.206,
      "diff": -0.125,
      "t": -1.649,
      "p": 0.100928,
      "d": -0.156
    },
    "e2_rights": {
      "hi": 0.878,
      "dev": 0.947,
      "diff": -0.069,
      "t": -0.908,
      "p": 0.365285,
      "d": -0.086
    },
    "e3_governance": {
      "hi": 1.027,
      "dev": 1.038,
      "diff": -0.012,
      "t": -0.165,
      "p": 0.869471,
      "d": -0.015
    },
    "e4_operationalisation": {
      "hi": 1.046,
      "dev": 1.008,
      "diff": 0.039,
      "t": 0.6,
      "p": 0.549533,
      "d": 0.055
    },
    "e5_inclusion": {
      "hi": 1.072,
      "dev": 1.191,
      "diff": -0.119,
      "t": -1.666,
      "p": 0.097428,
      "d": -0.158
    }
  },
  "bootstrap": {
    "ethics_score": {
      "observed_diff": 0.1212,
      "observed_cohens_d": 0.1968,
      "diff_ci95": [
        0.057,
        0.1852
      ],
      "cohens_d_ci95": [
        0.0931,
        0.3044
      ],
      "boot_diff_mean": 0.1214,
      "boot_diff_se": 0.0339
    },
    "e1_framework": {
      "observed_d": 0.126,
      "ci95": [
        0.0161,
        0.2365
      ]
    },
    "e2_rights": {
      "observed_d": 0.1069,
      "ci95": [
        -0.0007,
        0.2173
      ]
    },
    "e3_governance": {
      "observed_d": 0.1865,
      "ci95": [
        0.0789,
        0.2974
      ]
    },
    "e4_operationalisation": {
      "observed_d": 0.2517,
      "ci95": [
        0.1505,
        0.3642
      ]
    },
    "e5_inclusion": {
      "observed_d": 0.1748,
      "ci95": [
        0.0615,
        0.2971
      ]
    }
  },
  "cluster_stability": {
    "silhouette_scores": {
      "2": 0.4204,
      "3": 0.3463,
      "4": 0.2769,
      "5": 0.3147,
      "6": 0.2896,
      "7": 0.259
    },
    "inertias": {
      "2": 157.34,
      "3": 105.66,
      "4": 88.83,
      "5": 75.33,
      "6": 64.31,
      "7": 57.33
    },
    "best_k": 2
  }
}