,n,n_hi,n_dev,hi_mean,dev_mean,t,p,d
All texts,2097.0,1700.0,397.0,0.6194,0.4982,3.5533,0.00041,0.1967
Good only,885.0,754.0,131.0,1.0207,1.0779,-0.9762,0.330242,-0.0915
Good + thin,1666.0,1378.0,288.0,0.7483,0.6785,1.7298,0.084417,0.1124
Excl. stubs,1666.0,1378.0,288.0,0.7483,0.6785,1.7298,0.084417,0.1124
