,c1_clarity,c2_resources,c3_authority,c4_accountability,c5_coherence
c1_clarity,1.0,0.6657066457727079,0.7994764581068159,0.710445609314335,0.7661412435364645
c2_resources,0.6657066457727079,1.0,0.6704399035979329,0.6208652052722001,0.6292438881899621
c3_authority,0.7994764581068159,0.6704399035979329,1.0,0.7260806420059043,0.7619551544478541
c4_accountability,0.710445609314335,0.6208652052722001,0.7260806420059043,1.0,0.7174945064426581
c5_coherence,0.7661412435364645,0.6292438881899621,0.7619551544478541,0.7174945064426581,1.0
