,c1_clarity,c1_clarity,c1_clarity,c1_clarity,c2_resources,c2_resources,c2_resources,c2_resources,c3_authority,c3_authority,c3_authority,c3_authority,c4_accountability,c4_accountability,c4_accountability,c4_accountability,c5_coherence,c5_coherence,c5_coherence,c5_coherence,capacity_score,capacity_score,capacity_score,capacity_score
,mean,median,std,count,mean,median,std,count,mean,median,std,count,mean,median,std,count,mean,median,std,count,mean,median,std,count
income_group,,,,,,,,,,,,,,,,,,,,,,,,
High income,0.9811764705882353,1.0,0.8395034993390353,1700,0.6947058823529412,0.0,0.9297111239251004,1700,1.0870588235294119,1.0,0.992946072826656,1700,0.4764705882352941,0.0,0.7048385801659098,1700,1.1258823529411766,1.0,0.9628353436808175,1700,0.8730588235294118,0.8,0.772666546946892,1700
Low income,0.6666666666666666,0.0,1.0,9,0.6666666666666666,0.0,0.8660254037844387,9,1.0,0.0,1.224744871391589,9,0.3333333333333333,0.0,0.7071067811865476,9,1.0,1.0,1.0,9,0.7333333333333334,0.2,0.9055385138137417,9
Lower middle income,0.8968253968253969,1.0,0.7571458520455895,126,0.5158730158730159,0.0,0.6897434535724366,126,1.0873015873015872,1.0,0.9551531083116783,126,0.4126984126984127,0.0,0.6483189495282858,126,0.9841269841269841,1.0,0.8196011418647681,126,0.7793650793650794,0.6,0.6605836764943513,126
Unknown,0.8181818181818182,1.0,0.906923823984585,22,0.36363636363636365,0.0,0.49236596391733095,22,0.9545454545454546,0.5,1.0455015987905483,22,0.36363636363636365,0.0,0.5810872031479765,22,1.1363636363636365,1.0,1.0821255338433111,22,0.7272727272727273,0.6000000000000001,0.7212303100765803,22
Upper middle income,0.6641221374045801,0.0,0.812834659853414,262,0.37786259541984735,0.0,0.6936813976392806,262,0.7480916030534351,0.0,0.9576752779188172,262,0.3549618320610687,0.0,0.6432334197273191,262,0.7900763358778626,0.0,0.9498017507869824,262,0.5870229007633588,0.2,0.7281843211741197,262
