{
  "model1_gdp": {
    "slope": 0.1454,
    "intercept": -0.7385,
    "r_squared": 0.012,
    "p": 1e-06,
    "n": 1949
  },
  "model2_ols": {
    "r_squared": 0.4356,
    "adj_r_squared": 0.4344,
    "n": 1949,
    "coefficients": {
      "(Intercept)": {
        "beta": -0.53612,
        "se": 0.24498,
        "t": -2.1884,
        "p": 0.028758
      },
      "log_gdp_pc": {
        "beta": 0.08613,
        "se": 0.02264,
        "t": 3.8051,
        "p": 0.000146
      },
      "year_centered": {
        "beta": 0.01027,
        "se": 0.00588,
        "t": 1.7477,
        "p": 0.080675
      },
      "is_binding": {
        "beta": 0.1895,
        "se": 0.06931,
        "t": 2.7342,
        "p": 0.006311
      },
      "is_good_text": {
        "beta": 1.00352,
        "se": 0.02666,
        "t": 37.6408,
        "p": 0.0
      }
    }
  }
}