{
  "text_quality_sensitivity": {
    "All texts": {
      "n": 2097,
      "n_hi": 1700,
      "n_dev": 397,
      "hi_mean": 0.8731,
      "dev_mean": 0.6514,
      "t": 5.4728,
      "p": 0.0,
      "d": 0.2977
    },
    "Good only": {
      "n": 885,
      "n_hi": 754,
      "n_dev": 131,
      "hi_mean": 1.421,
      "dev_mean": 1.3969,
      "t": 0.4148,
      "p": 0.678766,
      "d": 0.0368
    },
    "Good + thin": {
      "n": 1666,
      "n_hi": 1378,
      "n_dev": 288,
      "hi_mean": 1.0446,
      "dev_mean": 0.8785,
      "t": 3.5688,
      "p": 0.000399,
      "d": 0.2271
    },
    "Excl. stubs": {
      "n": 1666,
      "n_hi": 1378,
      "n_dev": 288,
      "hi_mean": 1.0446,
      "dev_mean": 0.8785,
      "t": 3.5688,
      "p": 0.000399,
      "d": 0.2271
    }
  },
  "dimension_sensitivity_good_text": {
    "c1_clarity": {
      "hi": 1.492,
      "dev": 1.458,
      "diff": 0.034,
      "t": 0.51,
      "p": 0.610599,
      "d": 0.047
    },
    "c2_resources": {
      "hi": 1.202,
      "dev": 1.015,
      "diff": 0.186,
      "t": 2.63,
      "p": 0.009125,
      "d": 0.219
    },
    "c3_authority": {
      "hi": 1.715,
      "dev": 1.786,
      "diff": -0.071,
      "t": -1.004,
      "p": 0.31663,
      "d": -0.09
    },
    "c4_accountability": {
      "hi": 0.948,
      "dev": 0.985,
      "diff": -0.036,
      "t": -0.522,
      "p": 0.602453,
      "d": -0.049
    },
    "c5_coherence": {
      "hi": 1.748,
      "dev": 1.74,
      "diff": 0.008,
      "t": 0.095,
      "p": 0.924255,
      "d": 0.009
    }
  },
  "bootstrap": {
    "capacity_score": {
      "observed_diff": 0.2217,
      "observed_cohens_d": 0.2979,
      "diff_ci95": [
        0.1407,
        0.2978
      ],
      "cohens_d_ci95": [
        0.188,
        0.4068
      ],
      "boot_diff_mean": 0.2219,
      "boot_diff_se": 0.0406
    },
    "c1_clarity": {
      "observed_d": 0.2958,
      "ci95": [
        0.1876,
        0.4095
      ]
    },
    "c2_resources": {
      "observed_d": 0.3243,
      "ci95": [
        0.2235,
        0.428
      ]
    },
    "c3_authority": {
      "observed_d": 0.2296,
      "ci95": [
        0.1185,
        0.3396
      ]
    },
    "c4_accountability": {
      "observed_d": 0.1536,
      "ci95": [
        0.0522,
        0.2649
      ]
    },
    "c5_coherence": {
      "observed_d": 0.2873,
      "ci95": [
        0.1754,
        0.403
      ]
    }
  },
  "cluster_stability": {
    "silhouette_scores": {
      "2": 0.4065,
      "3": 0.3587,
      "4": 0.373,
      "5": 0.3279,
      "6": 0.2816,
      "7": 0.2799
    },
    "inertias": {
      "2": 161.1,
      "3": 108.33,
      "4": 78.97,
      "5": 66.94,
      "6": 59.0,
      "7": 54.09
    },
    "best_k": 2
  }
}